,acc,loss,val_acc,val_loss
0,0.9879607334360412,0.03702055057950606,0.9863813229571985,0.03869795478967636
1,0.9884237821818855,0.03692644547031453,0.9927737632017788,0.03284691475495373
