,acc,loss,val_acc,val_loss
0,0.9888868308946102,0.036024310799537405,0.9924958310172318,0.03440777722431249
1,0.9891646600891251,0.03513725452258932,0.9933296275708727,0.03466411279382421
